YearsExperience,Salary
0.8,28500
1.0,31000
1.2,32500
1.4,34800
1.5,36000
1.7,38200
1.9,40100
2.1,42300
2.3,44500
2.5,46200
2.7,48100
2.9,50500
3.0,51800
3.2,54000
3.4,55800
3.6,57500
3.8,59200
4.0,61500
4.1,62800
4.3,65000
4.5,67200
4.7,69100
4.9,71500
5.0,73200
5.2,75400
5.4,77800
5.6,79500
5.8,82000
6.0,84500
6.2,86700
6.4,88900
6.6,91200
6.8,93500
7.0,95800
7.2,98200
7.4,100500
7.6,103000
7.8,105500
8.0,108000
8.2,110500
8.4,113000
8.6,115500
8.8,118000
9.0,120500
9.2,123000
9.4,125500
9.6,128000
9.8,130500
10.0,133000
10.5,137500
